Day,ID,Frame,Width,Length,Height_Centroid,Height_average,Volume
D1,4973AM,_Depth_1247,163.0,432.001157405857,1.422,1.360081869883932,76675.9754965702
